{
  "null": null,
  "bool_false": false,
  "bool_true": true,
  "int": 0,
  "long": 2147483648,
  "float": 1.23,
  "double": 3.40282348E+38,
  "string" :  "abc",
  "array_string": [ "a", "b", "c" ],
  "array_int": [ 0, 1, 2 ],
  "array_long": [ 2147483648, 2147483649 ],
  "array_float": [ 1.2, 3.4, 5.6 ],
  "array_double": [ 3.40282348E+38, 3.40282349E+38 ],
  "array_all_types": [
    null,
    false,
    true,
    0,
    2147483648,
    1.23,
    3.40282348E+38,
    "abc",
    {
      "string":"a"
    }
  ]
}